{
    "train_mad": 1.8200189963813602,
    "train_mse": 25.98096449790139,
    "train_mape": 50.96635890010911,
    "train_msle": 0.4763060356621253,
    "train_r2": 0.2913575282505573,
    "train_kappa": 0.7159650527868504,
    "val_mad": 1.6572609759880559,
    "val_mse": 44.276370353895224,
    "val_mape": 41.363529241392946,
    "val_msle": 0.35927350730876856,
    "val_r2": 0.28213959295565316,
    "val_kappa": 0.7630390916856741
}