{
    "train_mad": 3.885694737261889,
    "train_mse": 96.84279522847837,
    "train_mape": 125.51054664014805,
    "train_msle": 1.3275304664036336,
    "train_r2": 0.0799000082283533,
    "train_kappa": 0.38220559129873644,
    "val_mad": 3.312225615663519,
    "val_mse": 41.13956041562394,
    "val_mape": 120.34505218215143,
    "val_msle": 1.2381220476209929,
    "val_r2": 0.18628569665824224,
    "val_kappa": 0.40681952757278306
}