{
    "train_mad": 2.910306441388022,
    "train_mse": 76.65998010091619,
    "train_mape": 65.31689557278118,
    "train_msle": 0.5818864608500115,
    "train_r2": 0.27165622498135467,
    "train_kappa": 0.6982955729320548,
    "val_mad": 2.5233601157381997,
    "val_mse": 33.53718874539339,
    "val_mape": 62.67214423908962,
    "val_msle": 0.5569946332565326,
    "val_r2": 0.3366557663646117,
    "val_kappa": 0.6792895498667213
}