{
    "train_mad": 3.892322002803398,
    "train_mse": 97.49061574477932,
    "train_mape": 125.16746164582734,
    "train_msle": 1.3287212192315367,
    "train_r2": 0.07374508828503956,
    "train_kappa": 0.3811513166361521,
    "val_mad": 3.3146798968002478,
    "val_mse": 41.25075046876487,
    "val_mape": 122.31088506995789,
    "val_msle": 1.248426901810931,
    "val_r2": 0.18408642822377097,
    "val_kappa": 0.4061806605334305
}