{
    "train_mad": 2.8900483846560774,
    "train_mse": 77.25104689821721,
    "train_mape": 63.887536405568966,
    "train_msle": 0.5666269603377188,
    "train_r2": 0.26604052012638746,
    "train_kappa": 0.7035103259192452,
    "val_mad": 2.434227379537421,
    "val_mse": 29.94048257538402,
    "val_mape": 63.70959007584389,
    "val_msle": 0.5615255530678874,
    "val_r2": 0.40779632367456964,
    "val_kappa": 0.6635244966879459
}