{
    "test_mad": 2.4497336143949453,
    "test_mse": 44.062738740722615,
    "test_mape": 34.74579999462714,
    "test_msle": 0.19508184130823486,
    "test_r2": 0.43322822683933726,
    "test_kappa": 0.8485311408050065
}