{
    "train_mad": 1.72614636889351,
    "train_mse": 24.077742416178587,
    "train_mape": 47.515386273927646,
    "train_msle": 0.42661678412563,
    "train_r2": 0.34326876504814063,
    "train_kappa": 0.7354624793032658,
    "val_mad": 1.4989052485749996,
    "val_mse": 42.602551708792134,
    "val_mape": 35.98202165919848,
    "val_msle": 0.30360341773585064,
    "val_r2": 0.3092775025062361,
    "val_kappa": 0.7796873869849832
}