{
    "train_mad": 3.888914833416259,
    "train_mse": 96.85741478460277,
    "train_mape": 119.86045335492695,
    "train_msle": 1.2882501009979117,
    "train_r2": 0.07976110833974481,
    "train_kappa": 0.3910443931940738,
    "val_mad": 3.472489176066569,
    "val_mse": 44.51268479413058,
    "val_mape": 122.72935640284072,
    "val_msle": 1.329554988817162,
    "val_r2": 0.11956744478554526,
    "val_kappa": 0.3661832038937095,
    "test_mad": 3.9279052974109874,
    "test_mse": 73.00246524994785,
    "test_mape": 119.08524696852673,
    "test_msle": 1.3744521915666426,
    "test_r2": 0.06098128325489438,
    "test_kappa": 0.3546261801386087
}