{
    "train_mad": 2.8481005445637515,
    "train_mse": 76.97514517209073,
    "train_mape": 62.430728364828745,
    "train_msle": 0.5466973565107118,
    "train_r2": 0.268661852723612,
    "train_kappa": 0.7092614207061081,
    "val_mad": 2.3685539529055677,
    "val_mse": 28.904096495786582,
    "val_mape": 59.38107897103212,
    "val_msle": 0.5181528402071205,
    "val_r2": 0.428295380257402,
    "val_kappa": 0.6871702291135637
}