{
    "test_mad": 2.4498319070431718,
    "test_mse": 44.0630471154297,
    "test_mape": 34.7473941625261,
    "test_msle": 0.19507889244464616,
    "test_r2": 0.4332242641868935,
    "test_kappa": 0.8485135033932776
}