{
    "train_mad": 3.566975304287701,
    "train_mse": 59.47699240597934,
    "train_mape": 210.76195587226456,
    "train_msle": 2.0322301265370264,
    "train_r2": 0.4349111867926435,
    "train_kappa": 0.4812666022811748,
    "val_mad": 3.2667840300178628,
    "val_mse": 31.662799103250848,
    "val_mape": 199.7170692977451,
    "val_msle": 1.5212611614676181,
    "val_r2": 0.3737299996922915,
    "val_kappa": 0.5148219648323574
}