{
    "test_mad": 2.835612740246059,
    "test_mse": 34.8731834168261,
    "test_mape": 121.53916738806163,
    "test_msle": 1.7436907547095204,
    "test_r2": 0.006361256209550636,
    "test_kappa": 0.24316029603323797
}