{
    "test_mad": 2.527093954939301,
    "test_mse": 29.223917805945828,
    "test_mape": 120.52226359858511,
    "test_msle": 1.3551002193130395,
    "test_r2": 0.1673253161245758,
    "test_kappa": 0.40402439417173686
}