{
    "train_mad": 1.9884430761733336,
    "train_mse": 12.571082298032039,
    "train_mape": 142.37074310172616,
    "train_msle": 2.1940064555883088,
    "train_r2": 0.6571180860909662,
    "train_kappa": 0.5901406821877699,
    "val_mad": 2.0269634490954482,
    "val_mse": 44.63513483126326,
    "val_mape": 112.22664677337106,
    "val_msle": 1.6873495833052903,
    "val_r2": 0.2763228827850144,
    "val_kappa": 0.6345342306793926
}