{
    "test_mad": 2.3412013490657584,
    "test_mse": 42.15454492155219,
    "test_mape": 32.78769011251967,
    "test_msle": 0.19728775132626625,
    "test_r2": 0.4577730106029918,
    "test_kappa": 0.8475433318640729,
    "test_acc": 0.9195449948310852,
    "test_prec0": 0.9403578639030457,
    "test_prec1": 0.7164179086685181,
    "test_rec0": 0.9700267910957336,
    "test_rec1": 0.5517241358757019,
    "test_auroc": 0.9134445949449947,
    "test_auprc": 0.7044711812051281,
    "test_f1macro": 0.7891692869950363
}