{
    "train_mad": 4.261767026879442,
    "train_mse": 85.70009412131266,
    "train_mape": 233.58775785638932,
    "train_msle": 1.8163078718677348,
    "train_r2": 0.1857664195894555,
    "train_kappa": 0.26226049969449705,
    "val_mad": 3.7177749566559037,
    "val_mse": 46.21050056155066,
    "val_mape": 237.8469655214503,
    "val_msle": 1.7629296719105372,
    "val_r2": 0.0859857302404331,
    "val_kappa": 0.2782204815280388
}